"","Date reported to Alberta Health","Number of lab tests","Cumulative number of lab tests","Number of cases","Cumulative number of cases","Currently hospitalized","Currently in ICU","Cumulative number of deaths","Number of deaths","Number of variants of concern","Percent positivity"
"1",2020-03-06,60,511,1,1,0,0,0,0,0,5
"2",2020-03-07,281,792,0,0,0,0,0,0,0,0
"3",2020-03-08,454,1246,0,0,0,0,0,0,0,0
"4",2020-03-09,643,1889,6,7,1,0,0,0,0,1.71
"5",2020-03-10,784,2673,9,16,1,0,0,0,0,1.91
"6",2020-03-11,1334,4007,7,23,1,0,0,0,0,0.6
"7",2020-03-12,1147,5154,3,26,2,1,0,0,0,0.26
"8",2020-03-13,1587,6741,8,34,5,2,0,0,0,1.2
"9",2020-03-14,1555,8296,22,56,5,2,0,0,0,1.93
"10",2020-03-15,1834,10130,11,67,5,2,0,0,0,0.87
"11",2020-03-16,1485,11615,24,91,6,2,0,0,0,2.63
"12",2020-03-17,2083,13698,11,102,7,3,0,0,0,0.48
"13",2020-03-18,2878,16576,29,131,12,3,1,1,0,1.88
"14",2020-03-19,2869,19445,32,163,15,8,1,0,0,1.67
"15",2020-03-20,3593,23038,47,210,16,9,1,0,0,1.64
"16",2020-03-21,3507,26545,35,245,19,10,1,0,0,1.17
"17",2020-03-22,2854,29399,47,292,20,10,1,0,0,1.26
"18",2020-03-23,2728,32127,53,345,22,10,1,0,0,1.65
"19",2020-03-24,3143,35270,68,413,29,11,1,0,0,1.81
"20",2020-03-25,1645,36915,63,476,33,11,1,0,0,3.65
"21",2020-03-26,1316,38231,53,529,34,11,1,0,0,2.74
"22",2020-03-27,3697,41928,85,614,35,13,1,0,0,2.41
"23",2020-03-28,2145,44073,54,668,38,14,1,0,0,2
"24",2020-03-29,1929,46002,34,702,41,15,5,4,0,0.98
"25",2020-03-30,2549,48551,40,742,43,17,10,5,0,1.18
"26",2020-03-31,4770,53321,132,874,43,18,11,1,0,2.56
"27",2020-04-01,3610,56931,108,982,42,20,12,1,0,2.3
"28",2020-04-02,4009,60940,122,1104,43,20,15,3,0,2.34
"29",2020-04-03,1723,62663,70,1174,45,19,18,3,0,2.44
"30",2020-04-04,1807,64470,60,1234,47,20,23,5,0,2.6
"31",2020-04-05,1185,65655,42,1276,44,20,25,2,0,3.21
"32",2020-04-06,941,66596,34,1310,45,18,28,3,0,2.66
"33",2020-04-07,1705,68301,53,1363,46,16,28,0,0,2.29
"34",2020-04-08,1288,69589,33,1396,49,16,32,4,0,2.17
"35",2020-04-09,2291,71880,45,1441,50,15,36,4,0,1.48
"36",2020-04-10,2851,74731,49,1490,52,15,40,4,0,1.4
"37",2020-04-11,2240,76971,65,1555,52,15,45,5,0,2.14
"38",2020-04-12,2305,79276,68,1623,50,15,45,0,0,2.52
"39",2020-04-13,2136,81412,68,1691,49,14,48,3,0,2.76
"40",2020-04-14,2572,83984,127,1818,48,15,48,0,0,4.67
"41",2020-04-15,3092,87076,133,1951,55,12,50,2,0,3.85
"42",2020-04-16,3099,90175,146,2097,58,13,50,0,0,4.94
"43",2020-04-17,5238,95413,213,2310,63,14,54,4,0,4.01
"44",2020-04-18,3800,99213,187,2497,56,16,57,3,0,4.79
"45",2020-04-19,4370,103583,201,2698,62,19,62,5,0,4.51
"46",2020-04-20,4009,107592,183,2881,62,18,66,4,0,4.71
"47",2020-04-21,4313,111905,264,3145,61,20,72,6,0,5.91
"48",2020-04-22,4057,115962,294,3439,64,19,75,3,0,7.2
"49",2020-04-23,4471,120433,340,3779,65,18,80,5,0,7.67
"50",2020-04-24,4531,124964,232,4011,70,21,80,0,0,5.16
"51",2020-04-25,4664,129628,222,4233,70,19,84,4,0,4.97
"52",2020-04-26,4301,133929,203,4436,75,21,88,4,0,4.49
"53",2020-04-27,3444,137373,178,4614,77,20,90,2,0,5.14
"54",2020-04-28,4362,141735,249,4863,79,23,94,4,0,5.89
"55",2020-04-29,5077,146812,231,5094,86,22,96,2,0,4.53
"56",2020-04-30,5035,151847,222,5316,89,22,100,4,0,4.37
"57",2020-05-01,2847,154694,141,5457,82,23,102,2,0,4.25
"58",2020-05-02,4970,159664,112,5569,83,19,104,2,0,2.25
"59",2020-05-03,3244,162908,70,5639,83,21,106,2,0,2.37
"60",2020-05-04,2557,165465,79,5718,82,21,107,1,0,2.89
"61",2020-05-05,3032,168497,62,5780,84,20,111,4,0,2.01
"62",2020-05-06,2882,171379,65,5845,79,19,112,1,0,2.22
"63",2020-05-07,4135,175514,87,5932,78,18,115,3,0,2.18
"64",2020-05-08,3781,179295,77,6009,73,16,115,0,0,2.17
"65",2020-05-09,4214,183509,85,6094,64,14,117,2,0,1.97
"66",2020-05-10,3260,186769,71,6165,65,12,118,1,0,2.18
"67",2020-05-11,2793,189562,47,6212,64,11,121,3,0,1.75
"68",2020-05-12,3756,193318,70,6282,65,11,124,3,0,1.86
"69",2020-05-13,4409,197727,62,6344,61,9,124,0,0,1.47
"70",2020-05-14,4767,202494,61,6405,57,9,125,1,0,1.26
"71",2020-05-15,4700,207194,73,6478,52,9,126,1,0,1.57
"72",2020-05-16,3986,211180,54,6532,50,8,128,2,0,1.4
"73",2020-05-17,3189,214369,46,6578,50,9,129,1,0,1.57
"74",2020-05-18,3230,217599,38,6616,50,9,131,2,0,1.24
"75",2020-05-19,2503,220102,43,6659,45,8,132,1,0,1.8
"76",2020-05-20,3277,223379,27,6686,44,7,136,4,0,0.92
"77",2020-05-21,3722,227101,30,6716,42,6,138,2,0,0.83
"78",2020-05-22,3823,230924,27,6743,39,6,138,0,0,0.86
"79",2020-05-23,3861,234785,32,6775,35,7,139,1,0,0.83
"80",2020-05-24,3234,238019,29,6804,33,6,139,0,0,0.87
"81",2020-05-25,2958,240977,13,6817,33,5,141,2,0,0.44
"82",2020-05-26,3056,244033,19,6836,33,5,143,2,0,0.65
"83",2020-05-27,3603,247636,27,6863,31,4,143,0,0,0.78
"84",2020-05-28,3903,251539,28,6891,32,4,143,0,0,0.74
"85",2020-05-29,3862,255401,30,6921,33,5,144,1,0,0.78
"86",2020-05-30,3364,258765,20,6941,27,6,144,0,0,0.62
"87",2020-05-31,3133,261898,34,6975,24,6,144,0,0,1.09
"88",2020-06-01,2734,264632,21,6996,24,6,145,1,0,0.77
"89",2020-06-02,4055,268687,19,7015,25,6,146,1,0,0.62
"90",2020-06-03,4781,273468,18,7033,20,6,147,1,0,0.38
"91",2020-06-04,5416,278884,19,7052,18,5,147,0,0,0.39
"92",2020-06-05,5604,284488,37,7089,18,5,148,1,0,0.75
"93",2020-06-06,5870,290358,23,7112,18,5,150,2,0,0.44
"94",2020-06-07,5490,295848,33,7145,20,5,150,0,0,0.62
"95",2020-06-08,4976,300824,24,7169,19,5,151,1,0,0.52
"96",2020-06-09,5923,306747,38,7207,16,5,151,0,0,0.69
"97",2020-06-10,6850,313597,48,7255,16,4,151,0,0,0.73
"98",2020-06-11,8477,322074,43,7298,16,4,151,0,0,0.51
"99",2020-06-12,6183,328257,27,7325,20,5,151,0,0,0.44
"100",2020-06-13,7665,335922,35,7360,18,5,151,0,0,0.52
"101",2020-06-14,7459,343381,53,7413,20,6,151,0,0,0.76
"102",2020-06-15,6366,349747,36,7449,25,6,151,0,0,0.58
"103",2020-06-16,6970,356717,45,7494,27,7,151,0,0,0.67
"104",2020-06-17,7821,364538,46,7540,28,7,152,1,0,0.64
"105",2020-06-18,9100,373638,46,7586,30,6,152,0,0,0.57
"106",2020-06-19,7399,381037,47,7633,30,6,152,0,0,0.65
"107",2020-06-20,8324,389361,30,7663,27,7,152,0,0,0.38
"108",2020-06-21,6895,396256,33,7696,28,6,153,1,0,0.51
"109",2020-06-22,6542,402798,41,7737,26,6,153,0,0,0.61
"110",2020-06-23,6518,409316,45,7782,28,7,153,0,0,0.81
"111",2020-06-24,6367,415683,25,7807,27,8,153,0,0,0.47
"112",2020-06-25,6634,422317,36,7843,30,8,154,1,0,0.57
"113",2020-06-26,6396,428713,66,7909,32,8,154,0,0,1.13
"114",2020-06-27,6509,435222,37,7946,32,8,154,0,0,0.61
"115",2020-06-28,6997,442219,68,8014,32,9,154,0,0,1.03
"116",2020-06-29,7200,449419,44,8058,32,9,154,0,0,0.64
"117",2020-06-30,6952,456371,33,8091,32,8,155,1,0,0.62
"118",2020-07-01,7675,464046,64,8155,30,8,155,0,0,0.86
"119",2020-07-02,6739,470785,56,8211,33,9,155,0,0,0.91
"120",2020-07-03,5960,476745,30,8241,38,8,155,0,0,0.55
"121",2020-07-04,5544,482289,47,8288,46,7,156,1,0,0.9
"122",2020-07-05,5602,487891,48,8336,46,6,156,0,0,1.09
"123",2020-07-06,6014,493905,49,8385,47,6,156,0,0,0.78
"124",2020-07-07,6268,500173,44,8429,47,7,158,2,0,0.78
"125",2020-07-08,6970,507143,43,8472,41,7,159,1,0,0.66
"126",2020-07-09,7804,514947,74,8546,41,9,162,3,0,0.96
"127",2020-07-10,7528,522475,62,8608,43,8,162,0,0,0.85
"128",2020-07-11,10003,532478,90,8698,44,11,162,0,0,1.01
"129",2020-07-12,7595,540073,78,8776,46,13,162,0,0,1.12
"130",2020-07-13,5809,545882,87,8863,56,13,163,1,0,1.62
"131",2020-07-14,6386,552268,85,8948,61,7,166,3,0,1.44
"132",2020-07-15,8225,560493,115,9063,64,8,166,0,0,1.62
"133",2020-07-16,6485,566978,103,9166,68,15,167,1,0,1.73
"134",2020-07-17,9719,576697,168,9334,75,16,167,0,0,1.89
"135",2020-07-18,6857,583554,102,9436,75,15,170,3,0,1.63
"136",2020-07-19,6961,590515,88,9524,76,17,171,1,0,1.39
"137",2020-07-20,7818,598333,131,9655,85,16,173,2,0,1.69
"138",2020-07-21,8156,606489,136,9791,92,18,175,2,0,1.77
"139",2020-07-22,8230,614719,113,9904,94,21,177,2,0,1.37
"140",2020-07-23,8741,623460,116,10020,90,21,179,2,0,1.4
"141",2020-07-24,10589,634049,117,10137,88,16,182,3,0,1.18
"142",2020-07-25,9855,643904,98,10235,78,16,184,2,0,1.07
"143",2020-07-26,7443,651347,89,10324,79,17,187,3,0,1.36
"144",2020-07-27,7910,659257,81,10405,79,15,190,3,0,1.13
"145",2020-07-28,8989,668246,131,10536,76,16,194,4,0,1.57
"146",2020-07-29,8674,676920,118,10654,77,17,195,1,0,1.43
"147",2020-07-30,8392,685312,124,10778,75,16,196,1,0,1.55
"148",2020-07-31,11514,696826,99,10877,75,17,200,4,0,1.01
"149",2020-08-01,9148,705974,67,10944,71,18,200,0,0,0.75
"150",2020-08-02,6934,712908,73,11017,72,17,200,0,0,1.1
"151",2020-08-03,7246,720154,64,11081,72,22,203,3,0,1.02
"152",2020-08-04,7203,727357,94,11175,65,21,204,1,0,1.36
"153",2020-08-05,7991,735348,61,11236,62,19,207,3,0,0.76
"154",2020-08-06,8561,743909,128,11364,55,18,209,2,0,1.55
"155",2020-08-07,8780,752689,111,11475,54,17,209,0,0,1.34
"156",2020-08-08,10167,762856,97,11572,54,18,214,5,0,0.97
"157",2020-08-09,7414,770270,45,11617,51,15,216,2,0,0.63
"158",2020-08-10,7061,777331,86,11703,49,15,218,2,0,1.39
"159",2020-08-11,8078,785409,116,11819,47,14,220,2,0,1.57
"160",2020-08-12,7752,793161,72,11891,49,13,222,2,0,1.02
"161",2020-08-13,8210,801371,81,11972,48,13,222,0,0,1.12
"162",2020-08-14,10890,812261,104,12076,46,13,222,0,0,0.99
"163",2020-08-15,8658,820919,83,12159,48,13,225,3,0,0.95
"164",2020-08-16,8693,829612,95,12254,50,11,226,1,0,1.13
"165",2020-08-17,8034,837646,85,12339,53,14,227,1,0,1.19
"166",2020-08-18,9037,846683,81,12420,52,15,228,1,0,1.01
"167",2020-08-19,9294,855977,101,12521,50,15,229,1,0,1.25
"168",2020-08-20,9870,865847,140,12661,44,12,229,0,0,1.45
"169",2020-08-21,10176,876023,88,12749,48,12,231,2,0,0.9
"170",2020-08-22,10096,886119,103,12852,47,10,232,1,0,1.05
"171",2020-08-23,8498,894617,70,12922,48,10,236,4,0,0.87
"172",2020-08-24,8446,903063,73,12995,48,8,236,0,0,0.96
"173",2020-08-25,9248,912311,125,13120,51,8,236,0,0,1.44
"174",2020-08-26,10103,922414,104,13224,53,8,237,1,0,1.17
"175",2020-08-27,10997,933411,153,13377,51,8,237,0,0,1.42
"176",2020-08-28,10223,943634,142,13519,47,9,237,0,0,1.44
"177",2020-08-29,11224,954858,181,13700,44,9,237,0,0,1.75
"178",2020-08-30,12265,967123,109,13809,49,11,238,1,0,1.02
"179",2020-08-31,9342,976465,152,13961,52,11,239,1,0,1.69
"180",2020-09-01,8305,984770,109,14070,53,10,240,1,0,1.38
"181",2020-09-02,9557,994327,132,14202,50,10,240,0,0,1.44
"182",2020-09-03,10721,1005048,157,14359,52,11,241,1,0,1.5
"183",2020-09-04,11395,1016443,169,14528,52,13,242,1,0,1.61
"184",2020-09-05,11374,1027817,168,14696,51,13,244,2,0,1.58
"185",2020-09-06,12100,1039917,134,14830,49,11,245,1,0,1.19
"186",2020-09-07,12570,1052487,147,14977,48,10,249,4,0,1.26
"187",2020-09-08,10507,1062994,97,15074,49,7,250,1,0,1
"188",2020-09-09,9716,1072710,113,15187,44,7,250,0,0,1.25
"189",2020-09-10,11983,1084693,116,15303,42,6,251,1,0,0.98
"190",2020-09-11,12763,1097456,115,15418,43,6,252,1,0,0.94
"191",2020-09-12,18919,1116375,165,15583,44,7,252,0,0,0.89
"192",2020-09-13,14459,1130834,138,15721,41,7,252,0,0,1
"193",2020-09-14,12992,1143826,123,15844,48,9,252,0,0,0.96
"194",2020-09-15,12546,1156372,170,16014,46,8,252,0,0,1.41
"195",2020-09-16,18136,1174508,182,16196,47,8,252,0,0,1.05
"196",2020-09-17,12707,1187215,125,16321,51,8,252,0,0,1.05
"197",2020-09-18,13830,1201045,137,16458,58,9,252,0,0,1.03
"198",2020-09-19,14062,1215107,120,16578,59,11,253,1,0,0.89
"199",2020-09-20,16261,1231368,152,16730,60,12,254,1,0,0.96
"200",2020-09-21,13500,1244868,156,16886,60,12,256,2,0,1.24
"201",2020-09-22,13663,1258531,128,17014,61,13,258,2,0,1
"202",2020-09-23,13663,1272194,129,17143,64,15,260,2,0,1.04
"203",2020-09-24,16685,1288879,124,17267,68,15,260,0,0,0.85
"204",2020-09-25,14630,1303509,175,17442,70,16,261,1,0,1.28
"205",2020-09-26,18583,1322092,155,17597,69,16,262,1,0,0.91
"206",2020-09-27,14135,1336227,121,17718,72,14,263,1,0,0.94
"207",2020-09-28,12583,1348810,127,17845,70,12,263,0,0,1.08
"208",2020-09-29,15567,1364377,175,18020,70,12,264,1,0,1.16
"209",2020-09-30,15243,1379620,154,18174,74,13,268,4,0,1.05
"210",2020-10-01,14111,1393731,147,18321,74,15,271,3,0,1.16
"211",2020-10-02,15888,1409619,222,18543,79,16,275,4,0,1.5
"212",2020-10-03,14894,1424513,195,18738,80,16,277,2,0,1.35
"213",2020-10-04,14479,1438992,213,18951,76,14,278,1,0,1.49
"214",2020-10-05,18042,1457034,206,19157,79,16,278,0,0,1.2
"215",2020-10-06,11770,1468804,243,19400,88,15,280,2,0,2.12
"216",2020-10-07,13980,1482784,218,19618,92,13,281,1,0,1.68
"217",2020-10-08,15356,1498140,186,19804,91,11,282,1,0,1.35
"218",2020-10-09,16199,1514339,258,20062,91,12,283,1,0,1.67
"219",2020-10-10,13888,1528227,250,20312,98,14,284,1,0,1.93
"220",2020-10-11,16677,1544904,241,20553,101,16,285,1,0,1.57
"221",2020-10-12,11474,1556378,221,20774,103,13,285,0,0,2.03
"222",2020-10-13,14901,1571279,242,21016,103,13,287,2,0,1.7
"223",2020-10-14,12796,1584075,242,21258,107,14,287,0,0,2.01
"224",2020-10-15,14179,1598254,319,21577,117,9,288,1,0,2.36
"225",2020-10-16,16032,1614286,307,21884,117,11,289,1,0,2.01
"226",2020-10-17,12565,1626851,225,22109,122,12,289,0,0,1.85
"227",2020-10-18,13598,1640449,370,22479,120,15,291,2,0,2.89
"228",2020-10-19,13019,1653468,324,22803,119,14,293,2,0,2.63
"229",2020-10-20,14955,1668423,392,23195,113,14,295,2,0,2.88
"230",2020-10-21,14333,1682756,436,23631,107,16,297,2,0,3.18
"231",2020-10-22,15549,1698305,442,24073,106,13,301,4,0,2.89
"232",2020-10-23,16389,1714694,390,24463,105,14,304,3,0,2.5
"233",2020-10-24,17134,1731828,578,25041,107,16,306,2,0,3.54
"234",2020-10-25,12689,1744517,500,25541,109,15,307,1,0,4.12
"235",2020-10-26,9649,1754166,416,25957,116,15,309,2,0,4.57
"236",2020-10-27,10962,1765128,407,26364,121,19,314,5,0,3.94
"237",2020-10-28,12858,1777986,479,26843,130,17,320,6,0,3.94
"238",2020-10-29,13649,1791635,614,27457,140,24,323,3,0,4.83
"239",2020-10-30,13827,1805462,589,28046,135,23,326,3,0,4.39
"240",2020-10-31,13203,1818665,524,28570,141,23,333,7,0,4.17
"241",2020-11-01,11638,1830303,605,29175,151,27,338,5,0,5.34
"242",2020-11-02,8970,1839273,571,29746,153,27,341,3,0,6.61
"243",2020-11-03,11167,1850440,537,30283,157,31,350,9,0,5.05
"244",2020-11-04,14099,1864539,771,31054,158,31,354,4,0,5.74
"245",2020-11-05,14153,1878692,735,31789,170,31,361,7,0,5.48
"246",2020-11-06,15030,1893722,825,32614,178,32,368,7,0,5.89
"247",2020-11-07,12167,1905889,640,33254,183,34,373,5,0,5.59
"248",2020-11-08,11616,1917505,630,33884,191,37,383,10,0,5.72
"249",2020-11-09,9323,1926828,724,34608,206,41,389,6,0,8.22
"250",2020-11-10,12677,1939505,676,35284,215,43,397,8,0,5.74
"251",2020-11-11,14923,1954428,853,36137,224,50,400,3,0,5.98
"252",2020-11-12,14035,1968463,897,37034,246,53,407,7,0,6.93
"253",2020-11-13,14322,1982785,1017,38051,261,55,413,6,0,7.71
"254",2020-11-14,15603,1998388,981,39032,271,57,422,9,0,6.72
"255",2020-11-15,12217,2010605,852,39884,283,56,435,13,0,7.45
"256",2020-11-16,11539,2022144,765,40649,292,58,449,14,0,7
"257",2020-11-17,13453,2035597,729,41378,305,59,459,10,0,5.91
"258",2020-11-18,16471,2052068,1102,42480,323,61,466,7,0,7.24
"259",2020-11-19,17768,2069836,1140,43620,346,59,476,10,0,7.05
"260",2020-11-20,19343,2089179,1334,44954,356,58,484,8,0,7.45
"261",2020-11-21,19571,2108750,1562,46516,357,62,493,9,0,8.54
"262",2020-11-22,19567,2128317,1528,48044,365,65,504,11,0,8.33
"263",2020-11-23,13649,2141966,1120,49164,385,66,514,10,1,8.78
"264",2020-11-24,15714,2157680,1271,50435,399,74,524,10,0,8.53
"265",2020-11-25,16000,2173680,1084,51519,438,85,533,9,0,7.28
"266",2020-11-26,16355,2190035,1228,52747,450,86,545,12,0,7.92
"267",2020-11-27,21749,2211784,1715,54462,463,89,558,13,0,8.39
"268",2020-11-28,23385,2235169,1594,56056,477,94,567,9,0,7.32
"269",2020-11-29,20591,2255760,1710,57766,494,95,579,12,0,8.79
"270",2020-11-30,15884,2271644,1317,59083,520,102,595,16,0,8.82
"271",2020-12-01,18517,2290161,1696,60779,550,100,607,12,0,9.61
"272",2020-12-02,19698,2309859,1851,62630,565,101,625,18,0,9.81
"273",2020-12-03,17309,2327168,1794,64424,587,100,640,15,0,11.15
"274",2020-12-04,21186,2348354,1881,66305,601,103,666,26,0,9.47
"275",2020-12-05,23544,2371898,1829,68134,626,106,681,15,0,8.3
"276",2020-12-06,20472,2392370,1725,69859,654,113,700,19,0,9.02
"277",2020-12-07,19195,2411565,1794,71653,695,115,723,23,0,9.85
"278",2020-12-08,16894,2428459,1494,73147,709,128,736,13,0,9.48
"279",2020-12-09,16891,2445350,1596,74743,726,127,757,21,0,9.98
"280",2020-12-10,21106,2466456,1746,76489,728,127,776,19,0,8.93
"281",2020-12-11,20347,2486803,1597,78086,727,128,789,13,0,8.41
"282",2020-12-12,21833,2508636,1709,79795,705,136,814,25,0,8.35
"283",2020-12-13,20496,2529132,1865,81660,729,138,830,16,0,9.52
"284",2020-12-14,16468,2545600,1341,83001,760,135,850,20,0,8.9
"285",2020-12-15,17645,2563245,1287,84288,774,142,873,23,1,7.71
"286",2020-12-16,19960,2583205,1592,85880,784,140,897,24,0,8.46
"287",2020-12-17,19671,2602876,1460,87340,792,145,918,21,1,7.97
"288",2020-12-18,18664,2621540,1369,88709,790,154,946,28,0,7.93
"289",2020-12-19,18156,2639696,1307,90016,789,152,963,17,0,7.62
"290",2020-12-20,18499,2658195,1251,91267,810,153,976,13,0,7.37
"291",2020-12-21,14366,2672561,1052,92319,822,152,998,22,1,7.73
"292",2020-12-22,19445,2692006,1336,93655,836,144,1023,25,1,7.45
"293",2020-12-23,15747,2707753,1130,94785,852,150,1044,21,1,7.67
"294",2020-12-24,18182,2725935,1240,96025,848,151,1066,22,1,7.32
"295",2020-12-25,14405,2740340,903,96928,836,147,1093,27,0,6.66
"296",2020-12-26,7110,2747450,485,97413,846,141,1117,24,1,7.44
"297",2020-12-27,9892,2757342,955,98368,864,150,1144,27,0,10.35
"298",2020-12-28,11286,2768628,896,99264,880,154,1160,16,0,8.32
"299",2020-12-29,15059,2783687,1364,100628,904,152,1180,20,0,9.39
"300",2020-12-30,17143,2800830,1263,101891,906,144,1198,18,0,7.65
"301",2020-12-31,16684,2817514,1360,103251,893,141,1214,16,0,8.57
"302",2021-01-01,12952,2830466,921,104172,878,147,1238,24,4,7.61
"303",2021-01-02,8365,2838831,466,104638,890,142,1268,30,1,5.86
"304",2021-01-03,12233,2851064,1139,105777,891,139,1292,24,2,9.87
"305",2021-01-04,10628,2861692,877,106654,903,141,1317,25,2,8.62
"306",2021-01-05,16450,2878142,1148,107802,881,142,1340,23,1,7.28
"307",2021-01-06,15094,2893236,966,108768,848,140,1366,26,1,6.7
"308",2021-01-07,16994,2910230,1176,109944,819,139,1386,20,3,7.21
"309",2021-01-08,13667,2923897,982,110926,799,135,1403,17,1,7.54
"310",2021-01-09,12367,2936264,809,111735,773,132,1427,24,3,6.87
"311",2021-01-10,9894,2946158,627,112362,794,136,1455,28,0,6.65
"312",2021-01-11,9401,2955559,675,113037,798,133,1472,17,0,7.5
"313",2021-01-12,15960,2971519,867,113904,790,137,1496,24,2,5.8
"314",2021-01-13,16303,2987822,966,114870,766,135,1506,10,1,6.31
"315",2021-01-14,13640,3001462,779,115649,764,127,1521,15,1,5.91
"316",2021-01-15,12472,3013934,702,116351,739,123,1538,17,5,5.92
"317",2021-01-16,11527,3025461,743,117094,717,123,1557,19,6,6.81
"318",2021-01-17,8613,3034074,460,117554,717,121,1574,17,2,5.65
"319",2021-01-18,7730,3041804,462,118016,723,122,1586,12,2,6.27
"320",2021-01-19,14722,3056526,670,118686,726,125,1610,24,0,4.88
"321",2021-01-20,14097,3070623,672,119358,701,121,1626,16,4,5.03
"322",2021-01-21,13043,3083666,642,120000,671,117,1639,13,2,5.09
"323",2021-01-22,10918,3094584,567,120567,649,115,1652,13,3,5.52
"324",2021-01-23,10256,3104840,451,121018,616,111,1669,17,2,4.57
"325",2021-01-24,7203,3112043,358,121376,603,114,1681,12,1,5.28
"326",2021-01-25,8317,3120360,362,121738,594,108,1697,16,10,4.48
"327",2021-01-26,12891,3133251,468,122206,576,109,1704,7,0,3.82
"328",2021-01-27,12336,3145587,473,122679,566,111,1713,9,4,4.09
"329",2021-01-28,11608,3157195,519,123198,561,108,1724,11,12,4.63
"330",2021-01-29,10396,3167591,388,123586,547,102,1732,8,4,3.89
"331",2021-01-30,8968,3176559,468,124054,527,101,1741,9,6,5.45
"332",2021-01-31,7305,3183864,351,124405,521,102,1748,7,5,5
"333",2021-02-01,7913,3191777,280,124685,524,96,1757,9,8,3.65
"334",2021-02-02,13072,3204849,456,125141,500,93,1765,8,11,3.66
"335",2021-02-03,11521,3216370,403,125544,476,92,1778,13,12,3.64
"336",2021-02-04,10002,3226372,394,125938,444,88,1783,5,15,4.12
"337",2021-02-05,10045,3236417,361,126299,423,83,1794,11,22,3.78
"338",2021-02-06,8250,3244667,352,126651,404,80,1799,5,7,4.34
"339",2021-02-07,6196,3250863,268,126919,399,77,1807,8,6,4.52
"340",2021-02-08,7015,3257878,219,127138,397,78,1812,5,2,3.31
"341",2021-02-09,10888,3268766,336,127474,386,75,1820,8,13,3.27
"342",2021-02-10,9976,3278742,348,127822,359,68,1828,8,16,3.6
"343",2021-02-11,8418,3287160,318,128140,332,63,1841,13,10,3.85
"344",2021-02-12,8079,3295239,301,128441,316,60,1848,7,25,3.85
"345",2021-02-13,7986,3303225,287,128728,313,56,1851,3,8,3.83
"346",2021-02-14,5396,3308621,244,128972,309,55,1854,3,4,4.63
"347",2021-02-15,5239,3313860,260,129232,322,53,1859,5,7,5.33
"348",2021-02-16,7489,3321349,286,129518,325,57,1864,5,10,4.07
"349",2021-02-17,10302,3331651,420,129938,316,53,1866,2,8,4.39
"350",2021-02-18,9387,3341038,331,130269,303,54,1872,6,7,3.7
"351",2021-02-19,8398,3349436,384,130653,289,50,1876,4,15,4.8
"352",2021-02-20,7546,3356982,327,130980,280,54,1877,1,19,4.52
"353",2021-02-21,6074,3363056,268,131248,292,53,1881,4,10,4.63
"354",2021-02-22,6339,3369395,278,131526,293,52,1886,5,19,4.5
"355",2021-02-23,9485,3378880,425,131951,280,58,1887,1,24,4.83
"356",2021-02-24,9232,3388112,404,132355,273,57,1890,3,21,4.57
"357",2021-02-25,9226,3397338,355,132710,272,56,1895,5,32,4.05
"358",2021-02-26,7777,3405115,413,133123,267,50,1900,5,32,5.54
"359",2021-02-27,7523,3412638,301,133424,253,45,1902,2,16,4.28
"360",2021-02-28,5957,3418595,287,133711,262,48,1905,3,35,5.1
"361",2021-03-01,5870,3424465,262,133973,258,50,1908,3,14,4.62
"362",2021-03-02,10365,3434830,400,134373,254,44,1912,4,34,3.94
"363",2021-03-03,9498,3444328,333,134706,247,43,1913,1,27,3.7
"364",2021-03-04,10581,3454909,408,135114,252,41,1915,2,38,4.07
"365",2021-03-05,8149,3463058,336,135450,253,40,1918,3,31,4.2
"366",2021-03-06,8099,3471157,306,135756,244,38,1921,3,47,3.93
"367",2021-03-07,5493,3476650,250,136006,252,34,1922,1,33,4.53
"368",2021-03-08,5445,3482095,253,136259,259,35,1927,5,36,4.74
"369",2021-03-09,10419,3492514,387,136646,248,36,1929,2,47,3.79
"370",2021-03-10,10187,3502701,405,137051,254,37,1934,5,73,4.13
"371",2021-03-11,9921,3512622,447,137498,257,38,1938,4,58,4.65
"372",2021-03-12,8891,3521513,427,137925,254,36,1943,5,67,4.99
"373",2021-03-13,8353,3529866,376,138301,249,36,1947,4,64,4.66
"374",2021-03-14,6635,3536501,364,138665,260,41,1951,4,76,5.73
"375",2021-03-15,6030,3542531,349,139014,259,41,1954,3,73,6.09
"376",2021-03-16,10846,3553377,507,139521,262,42,1955,1,113,4.91
"377",2021-03-17,10957,3564334,517,140038,266,42,1955,0,125,4.95
"378",2021-03-18,11928,3576262,672,140710,271,46,1958,3,198,5.78
"379",2021-03-19,9993,3586255,524,141234,274,47,1959,1,127,5.32
"380",2021-03-20,11434,3597689,546,141780,275,46,1962,3,155,5.03
"381",2021-03-21,7559,3605248,455,142235,280,46,1966,4,180,6.2
"382",2021-03-22,7349,3612597,482,142717,291,52,1970,4,173,6.89
"383",2021-03-23,12853,3625450,675,143392,289,51,1972,2,197,5.42
"384",2021-03-24,14075,3639525,753,144145,290,54,1974,2,244,5.51
"385",2021-03-25,13346,3652871,709,144854,282,57,1980,6,213,5.66
"386",2021-03-26,11533,3664404,670,145524,280,65,1984,4,255,5.84
"387",2021-03-27,11985,3676389,636,146160,275,62,1984,0,279,5.57
"388",2021-03-28,8377,3684766,542,146702,285,61,1987,3,249,6.71
"389",2021-03-29,8101,3692867,620,147322,295,56,1989,2,297,7.91
"390",2021-03-30,13761,3706628,891,148213,291,61,1992,3,443,6.66
"391",2021-03-31,13645,3720273,878,149091,283,58,1995,3,443,6.75
"392",2021-04-01,13292,3733565,1071,150162,287,61,1996,1,599,8.64
"393",2021-04-02,12123,3745688,1059,151221,293,69,1996,0,602,9.03
"394",2021-04-03,11204,3756892,935,152156,295,70,1999,3,547,8.69
"395",2021-04-04,9098,3765990,869,153025,307,76,2000,1,502,9.85
"396",2021-04-05,9179,3775169,931,153956,320,77,2001,1,538,10.7
"397",2021-04-06,14094,3789263,1356,155312,323,78,2001,0,826,9.97
"398",2021-04-07,15245,3804508,1412,156724,333,82,2004,3,832,9.61
"399",2021-04-08,15655,3820163,1532,158256,342,83,2009,5,929,10.16
"400",2021-04-09,14406,3834569,1286,159542,361,85,2009,0,787,9.27
"401",2021-04-10,14919,3849488,1169,160711,382,91,2012,3,779,8.23
"402",2021-04-11,12328,3861816,1093,161804,395,93,2017,5,700,9.37
"403",2021-04-12,11988,3873804,1050,162854,405,91,2020,3,693,9.08
"404",2021-04-13,15777,3889581,1426,164280,421,93,2024,4,917,9.34
"405",2021-04-14,17255,3906836,1645,165925,417,87,2028,4,1062,9.83
"406",2021-04-15,16927,3923763,1605,167530,424,91,2030,2,1105,9.89
"407",2021-04-16,16410,3940173,1501,169031,446,92,2032,2,1025,9.49
"408",2021-04-17,15389,3955562,1471,170502,452,101,2035,3,987,10.03
"409",2021-04-18,12606,3968168,1357,171859,465,103,2038,3,923,11.07
"410",2021-04-19,13195,3981363,1346,173205,490,105,2040,2,944,10.59
"411",2021-04-20,18455,3999818,1728,174933,509,114,2045,5,1245,9.74
"412",2021-04-21,17576,4017394,1839,176772,529,118,2050,5,1295,10.87
"413",2021-04-22,17620,4035014,1666,178438,554,124,2057,7,1261,9.88
"414",2021-04-23,17748,4052762,1513,179951,590,129,2062,5,1113,8.78
"415",2021-04-24,17055,4069817,1443,181394,601,139,2068,6,1071,8.75
"416",2021-04-25,14885,4084702,1492,182886,628,142,2074,6,1105,10.41
"417",2021-04-26,13770,4098472,1552,184438,642,144,2077,3,1103,11.58
"418",2021-04-27,19000,4117472,1836,186274,652,144,2083,6,1343,9.97
"419",2021-04-28,20601,4138073,2055,188329,634,150,2089,6,1485,10.19
"420",2021-04-29,19001,4157074,1998,190327,654,152,2092,3,1421,10.77
"421",2021-04-30,20495,4177569,2406,192733,649,152,2097,5,1802,12.16
"422",2021-05-01,16626,4194195,1698,194431,651,151,2100,3,829,10.6
"423",2021-05-02,15111,4209306,1969,196400,656,150,2106,6,948,13.45
"424",2021-05-03,14601,4223907,1788,198188,675,144,2111,5,601,12.51
"425",2021-05-04,20544,4244451,2278,200466,662,140,2111,0,507,11.4
"426",2021-05-05,19973,4264424,2176,202642,659,140,2114,3,475,11.35
"427",2021-05-06,18956,4283380,1947,204589,650,142,2115,1,435,10.75
"428",2021-05-07,18859,4302239,2052,206641,655,140,2118,3,436,11.22
"429",2021-05-08,15535,4317774,1584,208225,658,147,2123,5,368,10.48
"430",2021-05-09,13991,4331765,1560,209785,684,149,2126,3,328,11.79
"431",2021-05-10,11912,4343677,1511,211296,700,155,2131,5,371,13.17
"432",2021-05-11,17587,4361264,1810,213106,724,161,2133,2,373,10.67
"433",2021-05-12,15295,4376559,1593,214699,715,167,2139,6,412,10.72
"434",2021-05-13,15067,4391626,1482,216181,709,168,2145,6,395,10.21
"435",2021-05-14,12963,4404589,1238,217419,683,170,2148,3,312,9.8
"436",2021-05-15,11885,4416474,1127,218546,659,178,2151,3,351,9.81
"437",2021-05-16,7011,4423485,718,219264,668,174,2155,4,242,10.47
"438",2021-05-17,8103,4431588,920,220184,687,180,2160,5,364,11.64
"439",2021-05-18,10422,4442010,956,221140,681,182,2164,4,275,9.34
"440",2021-05-19,9064,4451074,828,221968,671,174,2166,2,277,9.52
"441",2021-05-20,10178,4461252,759,222727,645,172,2171,5,289,7.83
"442",2021-05-21,9541,4470793,635,223362,619,161,2179,8,269,6.95
"443",2021-05-22,6960,4477753,552,223914,586,158,2186,7,199,8.2
"444",2021-05-23,5096,4482849,449,224363,573,157,2194,8,182,9.01
"445",2021-05-24,4015,4486864,388,224751,566,155,2200,6,206,10.21
"446",2021-05-25,5989,4492853,407,225158,544,153,2204,4,208,7.16
"447",2021-05-26,9032,4501885,539,225697,535,149,2206,2,436,6.2
"448",2021-05-27,7711,4509596,536,226233,514,146,2213,7,418,7.03
"449",2021-05-28,6893,4516489,410,226643,480,139,2218,5,295,6.12
"450",2021-05-29,6595,4523084,393,227036,448,137,2221,3,312,6.19
"451",2021-05-30,4413,4527497,259,227295,442,131,2225,4,203,5.98
"452",2021-05-31,4120,4531617,215,227510,440,125,2227,2,165,5.53
"453",2021-06-01,8361,4539978,433,227943,440,122,2230,3,346,5.76
"454",2021-06-02,6811,4546789,309,228252,411,119,2241,11,248,4.62
"455",2021-06-03,5815,4552604,243,228495,378,109,2243,2,183,4.04
"456",2021-06-04,6873,4559477,298,228793,370,103,2244,1,242,4.79
"457",2021-06-05,5337,4564814,232,229025,364,97,2245,1,184,4.57
"458",2021-06-06,4026,4568840,158,229183,353,94,2249,4,122,3.95
"459",2021-06-07,3444,4572284,142,229325,339,85,2252,3,105,4.21
"460",2021-06-08,8550,4580834,319,229644,333,83,2254,2,262,3.89
"461",2021-06-09,5493,4586327,172,229816,311,82,2259,5,121,3.17
"462",2021-06-10,6677,4593004,175,229991,300,79,2264,5,125,2.79
"463",2021-06-11,5476,4598480,180,230171,292,74,2265,1,137,3.29
"464",2021-06-12,5803,4604283,162,230333,274,75,2267,2,121,2.91
"465",2021-06-13,3323,4607606,114,230447,274,73,2271,4,82,4
"466",2021-06-14,4482,4612088,126,230573,275,68,2276,5,92,3.06
"467",2021-06-15,6708,4618796,147,230720,261,67,2280,4,108,2.16
"468",2021-06-16,6047,4624843,152,230872,246,59,2280,0,106,2.45
"469",2021-06-17,5578,4630421,119,230991,242,58,2287,7,84,2.19
"470",2021-06-18,5059,4635480,118,231109,227,49,2288,1,77,2.51
"471",2021-06-19,4877,4640357,86,231195,217,52,2288,0,54,1.76
"472",2021-06-20,2837,4643194,50,231245,218,56,2291,3,38,1.9
"473",2021-06-21,5017,4648211,67,231312,207,55,2291,0,51,1.34
"474",2021-06-22,6335,4654546,100,231412,203,55,2291,0,72,1.63
"475",2021-06-23,5722,4660268,76,231488,195,51,2291,0,40,1.45
"476",2021-06-24,7072,4667340,93,231581,185,47,2292,1,60,1.43
"477",2021-06-25,6086,4673426,77,231658,184,46,2294,2,49,1.38
"478",2021-06-26,4587,4678013,45,231703,175,41,2295,1,33,0.98
"479",2021-06-27,4488,4682501,38,231741,179,38,2298,3,27,0.85
"480",2021-06-28,3452,4685953,59,231800,170,36,2299,1,32,1.54
"481",2021-06-29,6333,4692286,76,231876,163,34,2299,0,51,1.12
"482",2021-06-30,5248,4697534,59,231935,152,35,2299,0,39,1.28
"483",2021-07-01,5492,4703026,37,231972,142,33,2302,3,27,0.69
"484",2021-07-02,3931,4706957,35,232007,138,31,2302,0,26,1.04
"485",2021-07-03,4208,4711165,52,232059,135,31,2302,0,32,1.26
"486",2021-07-04,4268,4715433,39,232098,133,33,2303,1,19,0.94
"487",2021-07-05,4419,4719852,37,232135,135,32,2303,0,24,0.79
"488",2021-07-06,6162,4726014,64,232199,137,30,2304,1,36,0.88
"489",2021-07-07,5898,4731912,48,232247,127,31,2304,0,34,0.86
"490",2021-07-08,7316,4739228,57,232304,122,34,2304,0,29,0.78
"491",2021-07-09,5842,4745070,35,232339,113,34,2304,0,19,0.62
"492",2021-07-10,6021,4751091,30,232369,113,32,2304,0,13,0.5
"493",2021-07-11,4012,4755103,30,232399,107,33,2307,3,16,0.75
"494",2021-07-12,4994,4760097,32,232431,107,32,2307,0,12,0.7
"495",2021-07-13,6858,4766955,35,232466,107,32,2308,1,21,0.52
"496",2021-07-14,6214,4773169,49,232515,102,30,2310,2,30,0.8
"497",2021-07-15,6371,4779540,52,232567,105,27,2311,1,29,0.89
"498",2021-07-16,5513,4785053,49,232616,103,27,2312,1,31,0.94
"499",2021-07-17,5355,4790408,40,232656,101,27,2313,1,25,0.82
"500",2021-07-18,4347,4794755,41,232697,99,27,2313,0,32,1.01
"501",2021-07-19,5008,4799763,62,232759,96,27,2313,0,38,1.22
"502",2021-07-20,6483,4806246,88,232847,94,27,2315,2,65,1.47
"503",2021-07-21,6626,4812872,96,232943,90,26,2317,2,76,1.45
"504",2021-07-22,7621,4820493,166,233109,83,26,2317,0,148,2.27
"505",2021-07-23,6082,4826575,144,233253,84,23,2318,1,116,2.48
"506",2021-07-24,6291,4832866,135,233388,80,22,2318,0,122,2.19
"507",2021-07-25,5370,4838236,91,233479,81,21,2318,0,79,1.75
"508",2021-07-26,5428,4843664,137,233616,83,21,2319,1,111,2.54
"509",2021-07-27,7131,4850795,205,233821,84,18,2319,0,180,2.94
"510",2021-07-28,7864,4858659,222,234043,88,20,2321,2,190,2.9
"511",2021-07-29,8291,4866950,197,234240,89,19,2321,0,162,2.48
"512",2021-07-30,6701,4873651,236,234476,92,18,2322,1,214,3.69
"513",2021-07-31,6027,4879678,223,234699,91,17,2322,0,198,3.83
"514",2021-08-01,4392,4884070,141,234840,91,20,2322,0,133,3.39
"515",2021-08-02,4478,4888548,124,234964,90,23,2322,0,105,2.79
"516",2021-08-03,5434,4893982,204,235168,98,23,2322,0,187,3.9
"517",2021-08-04,7476,4901458,396,235564,103,24,2323,1,356,5.56
"518",2021-08-05,7298,4908756,364,235928,112,26,2325,2,327,5.23
"519",2021-08-06,7801,4916557,391,236319,118,26,2327,2,345,5.19
"520",2021-08-07,7708,4924265,375,236694,117,24,2327,0,335,5.11
"521",2021-08-08,4472,4928737,241,236935,129,27,2328,1,210,5.59
"522",2021-08-09,5446,4934183,286,237221,135,29,2328,0,251,5.6
"523",2021-08-10,8640,4942823,500,237721,142,32,2328,0,456,6.22
"524",2021-08-11,8607,4951430,548,238269,155,36,2328,0,479,6.66
"525",2021-08-12,9314,4960744,579,238848,158,38,2328,0,515,6.3
"526",2021-08-13,8016,4968760,567,239415,161,39,2330,2,520,7.32
"527",2021-08-14,7153,4975913,450,239865,157,44,2330,0,407,6.36
"528",2021-08-15,5331,4981244,388,240253,172,44,2332,2,364,7.52
"529",2021-08-16,5495,4986739,410,240663,186,45,2332,0,352,7.88
"530",2021-08-17,9230,4995969,668,241331,192,48,2334,2,594,7.83
"531",2021-08-18,10008,5005977,818,242149,208,44,2339,5,742,8.56
"532",2021-08-19,9034,5015011,748,242897,230,47,2341,2,678,8.61
"533",2021-08-20,8977,5023988,807,243704,247,47,2342,1,735,9.49
"534",2021-08-21,8423,5032411,677,244381,243,49,2344,2,609,8.42
"535",2021-08-22,5617,5038028,467,244848,256,54,2348,4,433,9.01
"536",2021-08-23,6028,5044056,641,245489,274,58,2353,5,570,11.1
"537",2021-08-24,11789,5055845,1073,246562,301,59,2357,4,979,9.62
"538",2021-08-25,10601,5066446,1101,247663,320,64,2358,1,950,10.8
"539",2021-08-26,11591,5078037,1164,248827,346,73,2362,4,1049,10.46
"540",2021-08-27,11448,5089485,1222,250049,371,85,2366,4,1106,11.22
"541",2021-08-28,9543,5099028,952,251001,396,87,2370,4,850,10.32
"542",2021-08-29,8356,5107384,863,251864,421,97,2373,3,787,10.7
"543",2021-08-30,7514,5114898,915,252779,454,106,2380,7,842,12.74
"544",2021-08-31,12171,5127069,1338,254117,492,108,2386,6,1188,11.33
"545",2021-09-01,12474,5139543,1336,255453,514,116,2389,3,1228,11.15
"546",2021-09-02,12627,5152170,1412,256865,553,119,2394,5,1269,11.79
"547",2021-09-03,10477,5162647,1309,258174,579,128,2402,8,1165,13.09
"548",2021-09-04,12866,5175513,1443,259617,595,133,2412,10,1326,11.55
"549",2021-09-05,7526,5183039,813,260430,610,137,2422,10,739,11.27
"550",2021-09-06,10452,5193491,1296,261726,638,140,2431,9,1187,12.95
"551",2021-09-07,10778,5204269,1219,262945,687,148,2438,7,1070,11.81
"552",2021-09-08,13851,5218120,1495,264440,704,152,2445,7,1337,11.27
"553",2021-09-09,13681,5231801,1466,265906,718,167,2455,10,1256,11.22
"554",2021-09-10,14591,5246392,1645,267551,766,179,2464,9,872,11.77
"555",2021-09-11,12218,5258610,1478,269029,783,183,2469,5,890,12.42
"556",2021-09-12,13372,5271982,1578,270607,831,198,2480,11,576,12.21
"557",2021-09-13,11942,5283924,1418,272025,851,213,2493,13,466,12.4
"558",2021-09-14,15897,5299821,1633,273658,900,219,2505,12,633,10.78
"559",2021-09-15,16432,5316253,1721,275379,923,221,2521,16,673,10.92
"560",2021-09-16,17394,5333647,1998,277377,941,218,2535,14,706,11.92
"561",2021-09-17,16432,5350079,1596,278973,949,214,2550,15,690,10.14
"562",2021-09-18,16562,5366641,1587,280560,960,204,2565,15,681,9.94
"563",2021-09-19,13449,5380090,1429,281989,986,219,2582,17,585,11.13
"564",2021-09-20,13723,5393813,1520,283509,1024,223,2596,14,561,11.63
"565",2021-09-21,14584,5408397,1315,284824,1064,235,2615,19,640,9.37
"566",2021-09-22,17999,5426396,1689,286513,1081,232,2625,10,716,9.75
"567",2021-09-23,16952,5443348,1670,288183,1097,245,2636,11,710,10.26
"568",2021-09-24,15935,5459283,1873,290056,1097,247,2653,17,733,12.19
"569",2021-09-25,14885,5474168,1526,291582,1072,254,2668,15,551,10.61
"570",2021-09-26,15085,5489253,1742,293324,1094,256,2686,18,646,12.03
"571",2021-09-27,11182,5500435,1270,294594,1129,250,2698,12,534,11.74
"572",2021-09-28,15081,5515516,1706,296300,1102,257,2713,15,580,11.66
"573",2021-09-29,17650,5533166,1720,298020,1101,253,2731,18,757,10.18
"574",2021-09-30,15893,5549059,1649,299669,1085,255,2744,13,623,10.73
"575",2021-10-01,14550,5563609,1608,301277,1080,251,2758,14,656,11.39
"576",2021-10-02,14348,5577957,1282,302559,1105,247,2785,27,511,9.37
"577",2021-10-03,10444,5588401,1129,303688,1095,246,2798,13,437,11.18
"578",2021-10-04,8042,5596443,698,304386,1110,240,2813,15,389,9.05
"579",2021-10-05,15434,5611877,1260,305646,1109,236,2822,9,591,8.47
"580",2021-10-06,15642,5627519,1236,306882,1107,240,2833,11,624,8.34
"581",2021-10-07,14779,5642298,1263,308145,1100,241,2850,17,598,8.93
"582",2021-10-08,13998,5656296,1082,309227,1073,243,2864,14,506,8.02
"583",2021-10-09,11652,5667948,1040,310267,1034,231,2878,14,447,9.29
"584",2021-10-10,7745,5675693,631,310898,1063,234,2899,21,329,8.74
"585",2021-10-11,7368,5683061,601,311499,1062,230,2920,21,259,8.59
"586",2021-10-12,8651,5691712,654,312153,1048,225,2933,13,283,7.93
"587",2021-10-13,12754,5704466,931,313084,1029,224,2946,13,436,7.61
"588",2021-10-14,14079,5718545,1039,314123,1011,221,2959,13,504,7.67
"589",2021-10-15,11647,5730192,772,314895,1000,216,2976,17,379,6.97
"590",2021-10-16,11450,5741642,789,315684,981,208,2983,7,396,7.08
"591",2021-10-17,7184,5748826,603,316287,987,217,2993,10,263,8.76
"592",2021-10-18,8046,5756872,529,316816,974,210,3005,12,298,6.86
"593",2021-10-19,12133,5769005,809,317625,938,200,3015,10,428,6.83
"594",2021-10-20,11912,5780917,770,318395,912,195,3025,10,360,6.72
"595",2021-10-21,10750,5791667,663,319058,894,186,3032,7,319,6.23
"596",2021-10-22,10806,5802473,705,319763,863,186,3042,10,323,6.75
"597",2021-10-23,8705,5811178,508,320271,834,190,3055,13,260,6.19
"598",2021-10-24,6437,5817615,366,320637,829,175,3065,10,178,6.04
"599",2021-10-25,7798,5825413,456,321093,841,173,3073,8,240,6.09
"600",2021-10-26,11371,5836784,628,321721,816,173,3079,6,319,5.71
"601",2021-10-27,10291,5847075,544,322265,790,174,3092,13,269,5.47
"602",2021-10-28,10516,5857591,606,322871,772,168,3098,6,277,6.06
"603",2021-10-29,9399,5866990,531,323402,745,161,3107,9,284,5.95
"604",2021-10-30,8254,5875244,331,323733,707,154,3118,11,165,4.16
"605",2021-10-31,6725,5881969,339,324072,698,150,3123,5,153,5.25
"606",2021-11-01,7547,5889516,325,324397,703,154,3128,5,161,4.56
"607",2021-11-02,10363,5899879,495,324892,704,145,3134,6,260,4.97
"608",2021-11-03,12411,5912290,540,325432,686,137,3139,5,269,4.57
"609",2021-11-04,11510,5923800,472,325904,666,134,3144,5,218,4.24
"610",2021-11-05,11493,5935293,586,326490,662,131,3149,5,271,5.22
"611",2021-11-06,8973,5944266,433,326923,635,132,3157,8,211,4.98
"612",2021-11-07,5521,5949787,289,327212,613,127,3161,4,138,5.22
"613",2021-11-08,8341,5958128,424,327636,614,122,3168,7,189,5.25
"614",2021-11-09,11179,5969307,502,328138,592,118,3173,5,208,4.6
"615",2021-11-10,11594,5980901,468,328606,572,108,3179,6,226,4.16
"616",2021-11-11,8849,5989750,376,328982,558,103,3186,7,169,4.38
"617",2021-11-12,7980,5997730,436,329418,547,100,3187,1,194,5.75
"618",2021-11-13,7150,6004880,357,329775,532,96,3196,9,136,5.08
"619",2021-11-14,6688,6011568,289,330064,523,95,3201,5,143,4.53
"620",2021-11-15,6428,6017996,321,330385,528,96,3205,4,174,5.13
"621",2021-11-16,9745,6027741,415,330800,521,93,3207,2,182,4.39
"622",2021-11-17,8968,6036709,385,331185,509,86,3209,2,199,4.46
"623",2021-11-18,8688,6045397,417,331602,498,85,3213,4,203,4.98
"624",2021-11-19,9454,6054851,467,332069,487,87,3218,5,213,5.2
"625",2021-11-20,7621,6062472,379,332448,467,83,3220,2,175,5.2
"626",2021-11-21,4839,6067311,270,332718,474,90,3228,8,137,5.93
"627",2021-11-22,5326,6072637,271,332989,485,87,3230,2,144,5.43
"628",2021-11-23,10437,6083074,473,333462,479,89,3231,1,319,4.67
"629",2021-11-24,9619,6092693,395,333857,471,90,3234,3,340,4.3
"630",2021-11-25,8714,6101407,361,334218,470,82,3238,4,319,4.3
"631",2021-11-26,7489,6108896,325,334543,465,76,3243,5,273,4.65
"632",2021-11-27,6631,6115527,251,334794,448,71,3245,2,224,3.92
"633",2021-11-28,5058,6120585,229,335023,441,71,3249,4,193,4.82
"634",2021-11-29,5359,6125944,232,335255,446,74,3254,5,195,4.42
"635",2021-11-30,10767,6136711,433,335688,430,75,3257,3,399,4.14
"636",2021-12-01,9474,6146185,364,336052,426,72,3259,2,320,3.96
"637",2021-12-02,9706,6155891,343,336395,401,69,3261,2,303,3.62
"638",2021-12-03,8424,6164315,348,336743,393,65,3263,2,319,4.27
"639",2021-12-04,6957,6171272,247,336990,378,63,3265,2,225,3.61
"640",2021-12-05,5141,6176413,184,337174,383,66,3269,4,165,3.75
"641",2021-12-06,5491,6181904,235,337409,388,67,3271,2,205,4.46
"642",2021-12-07,10715,6192619,383,337792,380,60,3271,0,344,3.75
"643",2021-12-08,10056,6202675,354,338146,374,62,3272,1,319,3.68
"644",2021-12-09,9204,6211879,345,338491,375,64,3273,1,303,3.81
"645",2021-12-10,8538,6220417,312,338803,384,64,3275,2,277,3.87
"646",2021-12-11,6495,6226912,260,339063,368,62,3277,2,233,4.23
"647",2021-12-12,5765,6232677,200,339263,364,63,3278,1,176,3.82
"648",2021-12-13,6433,6239110,275,339538,375,64,3279,1,240,4.57
"649",2021-12-14,10116,6249226,446,339984,370,66,3283,4,380,4.63
"650",2021-12-15,9604,6258830,471,340455,360,63,3284,1,402,5.05
"651",2021-12-16,9712,6268542,553,341008,349,61,3286,2,501,5.82
"652",2021-12-17,10056,6278598,621,341629,339,60,3289,3,568,6.32
"653",2021-12-18,8711,6287309,712,342341,323,65,3292,3,639,8.33
"654",2021-12-19,6508,6293817,566,342907,331,63,3293,1,490,8.84
"655",2021-12-20,7305,6301122,791,343698,339,65,3295,2,715,11.02
"656",2021-12-21,11547,6312669,1358,345056,338,64,3297,2,1194,12.03
"657",2021-12-22,11893,6324562,1578,346634,331,63,3299,2,1421,13.55
"658",2021-12-23,11556,6336118,1978,348612,335,62,3302,3,1547,17.29
"659",2021-12-24,11466,6347584,2454,351066,323,57,3304,2,545,21.61
"660",2021-12-25,7237,6354821,1575,352641,320,54,3304,0,230,22.07
"661",2021-12-26,4074,6358895,684,353325,325,53,3307,3,234,17.45
"662",2021-12-27,6472,6365367,1383,354708,347,55,3310,3,332,21.72
"663",2021-12-28,9405,6374772,2773,357481,373,50,3313,3,532,29.92
"664",2021-12-29,13257,6388029,3976,361457,395,51,3315,2,688,30.41
"665",2021-12-30,13399,6401428,4362,365819,422,51,3318,3,756,32.92
"666",2021-12-31,12795,6414223,4355,370174,421,51,3319,1,994,34.61
"667",2022-01-01,9487,6423710,3219,373393,434,54,3322,3,733,34.5
"668",2022-01-02,7116,6430826,1965,375358,462,56,3326,4,725,28.27
"669",2022-01-03,8284,6439110,2943,378301,479,54,3330,4,794,36.3
"670",2022-01-04,12782,6451892,4697,382998,536,60,3333,3,1132,37.25
"671",2022-01-05,12379,6464271,4773,387771,564,66,3335,2,1302,39.18
"672",2022-01-06,16289,6480560,6154,393925,599,68,3338,3,1553,38.38
"673",2022-01-07,15106,6495666,6138,400063,666,72,3343,5,1308,41.58
"674",2022-01-08,16366,6512032,6151,406214,687,77,3347,4,1549,38.63
"675",2022-01-09,13979,6526011,5303,411517,732,76,3352,5,1317,38.98
"676",2022-01-10,12276,6538287,4633,416150,793,81,3362,10,1296,38.79
"677",2022-01-11,17923,6556210,6802,422952,828,84,3371,9,2311,38.68
"678",2022-01-12,14498,6570708,5884,428836,866,80,3380,9,1534,41.5
"679",2022-01-13,16711,6587419,6277,435113,918,82,3391,11,2013,38.3
"680",2022-01-14,16241,6603660,6129,441242,974,83,3400,9,1986,38.66
"681",2022-01-15,15435,6619095,5363,446605,999,92,3405,5,1680,35.61
"682",2022-01-16,11234,6630329,4150,450755,1077,99,3414,9,1393,37.93
"683",2022-01-17,9094,6639423,3504,454259,1162,104,3424,10,1921,39.23
"684",2022-01-18,10133,6649556,3791,458050,1181,111,3431,7,1698,38.32
"685",2022-01-19,11121,6660677,3656,461706,1223,113,3438,7,1545,33.52
"686",2022-01-20,10664,6671341,3703,465409,1283,110,3453,15,1736,35.76
"687",2022-01-21,10399,6681740,3903,469312,1326,107,3472,19,1951,38.41
"688",2022-01-22,7933,6689673,2618,471930,1340,107,3483,11,1320,34.17
"689",2022-01-23,4763,6694436,1683,473613,1401,111,3498,15,979,36.78
"690",2022-01-24,6790,6701226,2848,476461,1481,113,3514,16,1312,43.36
"691",2022-01-25,9039,6710265,3379,479840,1518,110,3526,12,1737,37.68
"692",2022-01-26,9401,6719666,3250,483090,1571,109,3540,14,1695,34.91
"693",2022-01-27,8732,6728398,3097,486187,1574,107,3552,12,1610,36.38
"694",2022-01-28,8469,6736867,2973,489160,1579,105,3567,15,1474,35.75
"695",2022-01-29,5914,6742781,1835,490995,1551,103,3576,9,1094,32.26
"696",2022-01-30,5077,6747858,1744,492739,1581,103,3593,17,1051,35.47
"697",2022-01-31,5047,6752905,2029,494768,1656,111,3609,16,936,40.52
"698",2022-02-01,7684,6760589,3048,497816,1669,107,3621,12,1405,40.23
"699",2022-02-02,7370,6767959,2497,500313,1649,114,3637,16,1324,34.52
"700",2022-02-03,6273,6774232,2107,502420,1642,122,3655,18,1167,34.08
"701",2022-02-04,6442,6780674,2031,504451,1624,122,3667,12,1001,32.07
"702",2022-02-05,4792,6785466,1387,505838,1574,117,3681,14,841,29.82
"703",2022-02-06,3592,6789058,1120,506958,1613,119,3695,14,643,32.54
"704",2022-02-07,4291,6793349,1557,508515,1678,129,3704,9,718,36.68
"705",2022-02-08,5782,6799131,1813,510328,1662,134,3717,13,833,32.13
"706",2022-02-09,5003,6804134,1473,511801,1637,128,3735,18,744,29.46
"707",2022-02-10,4792,6808926,1410,513211,1604,127,3752,17,767,30.32
"708",2022-02-11,4347,6813273,1104,514315,1593,119,3765,13,575,25.12
"709",2022-02-12,3472,6816745,853,515168,1552,123,3779,14,425,25.03
"710",2022-02-13,2448,6819193,630,515798,1563,123,3791,12,321,27.08
"711",2022-02-14,2524,6821717,870,516668,1580,124,3799,8,404,34.47
"712",2022-02-15,4141,6825858,1055,517723,1549,122,3818,19,526,24.87
"713",2022-02-16,4079,6829937,969,518692,1528,116,3826,8,531,24.15
"714",2022-02-17,3789,6833726,809,519501,1532,118,3841,15,409,21.88
"715",2022-02-18,3412,6837138,737,520238,1492,121,3848,7,395,22.48
"716",2022-02-19,2579,6839717,471,520709,1427,108,3856,8,231,19.35
"717",2022-02-20,1982,6841699,467,521176,1416,96,3868,12,245,24.57
"718",2022-02-21,2007,6843706,458,521634,1416,94,3877,9,248,24.81
"719",2022-02-22,2790,6846496,752,522386,1399,92,3883,6,340,26.95
"720",2022-02-23,3451,6849947,747,523133,1379,92,3894,11,486,21.96
"721",2022-02-24,3178,6853125,663,523796,1323,88,3901,7,445,21.15
"722",2022-02-25,3116,6856241,604,524400,1311,77,3913,12,395,19.06
"723",2022-02-26,2458,6858699,465,524865,1250,76,3922,9,341,19.81
"724",2022-02-27,1840,6860539,378,525243,1257,82,3931,9,254,21.03
"725",2022-02-28,2072,6862611,528,525771,1278,82,3938,7,333,25.39
"726",2022-03-01,2942,6865553,554,526325,1262,83,3942,4,386,19.31
"727",2022-03-02,2861,6868414,647,526972,1234,79,3953,11,455,21.85
"728",2022-03-03,2521,6870935,491,527463,1201,76,3961,8,351,19.99
"729",2022-03-04,2458,6873393,427,527890,1182,75,3970,9,277,17.86
"730",2022-03-05,2177,6875570,401,528291,1119,74,3973,3,326,18.93
"731",2022-03-06,1570,6877140,281,528572,1130,76,3981,8,209,19.17
"732",2022-03-07,2210,6879350,476,529048,1136,76,3983,2,293,20.77
"733",2022-03-08,3081,6882431,548,529596,1121,78,3987,4,414,17.98
"734",2022-03-09,3084,6885515,583,530179,1100,78,3995,8,415,20.69
"735",2022-03-10,2537,6888052,475,530654,1087,77,4001,6,325,19.39
"736",2022-03-11,2298,6890350,504,531158,1064,79,4005,4,368,22.41
"737",2022-03-12,2496,6892846,398,531556,1016,77,4010,5,285,16.67
"738",2022-03-13,1981,6894827,441,531997,1012,73,4014,4,336,22.92
"739",2022-03-14,1857,6896684,476,532473,1023,70,4019,5,292,26.12
"740",2022-03-15,3179,6899863,580,533053,1009,69,4023,4,429,18.4
"741",2022-03-16,2743,6902606,574,533627,993,65,4025,2,417,21.33
"742",2022-03-17,2945,6905551,603,534230,994,60,4028,3,415,20.58
"743",2022-03-18,2567,6908118,558,534788,972,57,4035,7,432,22.32
"744",2022-03-19,2419,6910537,481,535269,943,56,4041,6,409,20.38
"745",2022-03-20,1488,6912025,343,535612,966,57,4046,5,297,24.33
"746",2022-03-21,1854,6913879,490,536102,984,55,4055,9,411,27.45
"747",2022-03-22,3206,6917085,774,536876,976,58,4057,2,615,24.64
"748",2022-03-23,3154,6920239,743,537619,960,59,4061,4,597,24.54
"749",2022-03-24,3484,6923723,823,538442,966,51,4063,2,632,23.02
"750",2022-03-25,2759,6926482,693,539135,959,51,4068,5,547,25.48
"751",2022-03-26,2499,6928981,527,539662,933,44,4071,3,451,21.69
"752",2022-03-27,1769,6930750,460,540122,954,46,4075,4,389,27.19
"753",2022-03-28,2196,6932946,576,540698,1005,46,4082,7,446,25.64
"754",2022-03-29,3450,6936396,881,541579,992,47,4087,5,755,25.68
"755",2022-03-30,3447,6939843,869,542448,985,45,4090,3,736,25.59
"756",2022-03-31,3505,6943348,909,543357,962,39,4093,3,811,26.28
"757",2022-04-01,3605,6946953,863,544220,946,40,4097,4,650,24.02
"758",2022-04-02,2805,6949758,670,544890,929,41,4101,4,457,23.99
"759",2022-04-03,1937,6951695,525,545415,960,41,4103,2,211,26.9
"760",2022-04-04,2565,6954260,832,546247,990,44,4104,1,23,32.05
